﻿<?xml version="1.0" encoding="utf-8"?>
<DeploymentInfo LightningDeployMode="false" ContinueOnItemDeployError="false" DeleteAction="Ignore">
  <DeployedItems RecursiveDeployAction="Ignore">
    <DeployedItem Id="3c1715fe-6a13-4fcf-845f-de308ba9741d" Name="templates" Parent="{11111111-1111-1111-1111-111111111111}" Database="master" ItemIneligible="false" KeepChildrenInSync="false" />
    <DeployedItem Id="01efc04d-efb3-4ee5-afa7-06ccef741189" Name="Modules" Parent="{3C1715FE-6A13-4FCF-845F-DE308BA9741D}" Database="master" ItemIneligible="false" KeepChildrenInSync="false" />
    <DeployedItem Id="d584d7e8-b9ec-4feb-803d-74d4c2e33e17" Name="SitecoreFundamentals" Parent="{01EFC04D-EFB3-4EE5-AFA7-06CCEF741189}" Database="master" ItemIneligible="false" KeepChildrenInSync="false" />
    <DeployedItem Id="cc3b5ff5-0263-434a-9648-e2f7cf9b0ae1" Name="PublishHistory" Parent="{D584D7E8-B9EC-4FEB-803D-74D4C2E33E17}" Database="master" ItemIneligible="false" KeepChildrenInSync="true" />
    <DeployedItem Id="f4ee4d1f-f997-4c40-a9c6-fadb28628096" Name="_LastPublished" Parent="{CC3B5FF5-0263-434A-9648-E2F7CF9B0AE1}" Database="master" ItemIneligible="false" KeepChildrenInSync="true" />
    <DeployedItem Id="d0aa581d-3f78-44f8-9a3b-ee71a121160e" Name="Statistics" Parent="{F4EE4D1F-F997-4C40-A9C6-FADB28628096}" Database="master" ItemIneligible="false" KeepChildrenInSync="true" />
    <DeployedItem Id="2dbcb71a-95ce-49e3-8938-48228907b938" Name="LastPublished" Parent="{D0AA581D-3F78-44F8-9A3B-EE71A121160E}" Database="master" ItemIneligible="false" KeepChildrenInSync="true" />
    <DeployedItem Id="513ee4a7-bb8c-49bd-a5a9-3db6f9d5666e" Name="LastPublishedBy" Parent="{D0AA581D-3F78-44F8-9A3B-EE71A121160E}" Database="master" ItemIneligible="false" KeepChildrenInSync="true" />
  </DeployedItems>
  <ItemFile Id="3c1715fe-6a13-4fcf-845f-de308ba9741d" ItemDeployment="NeverDeploy" ChildItemSynchronization="NoChildSynchronization" ParentId="{11111111-1111-1111-1111-111111111111}" ItemPath="/sitecore/templates" SitecoreDatabase="master" />
  <ItemFile Id="01efc04d-efb3-4ee5-afa7-06ccef741189" ItemDeployment="DeployOnce" ChildItemSynchronization="NoChildSynchronization" ParentId="{3C1715FE-6A13-4FCF-845F-DE308BA9741D}" ItemPath="/sitecore/templates/Modules" SitecoreDatabase="master" />
  <ItemFile Id="d584d7e8-b9ec-4feb-803d-74d4c2e33e17" ItemDeployment="DeployOnce" ChildItemSynchronization="NoChildSynchronization" ParentId="{01EFC04D-EFB3-4EE5-AFA7-06CCEF741189}" ItemPath="/sitecore/templates/Modules/SitecoreFundamentals" SitecoreDatabase="master" />
  <ItemFile Id="cc3b5ff5-0263-434a-9648-e2f7cf9b0ae1" ItemDeployment="DeployOnce" ChildItemSynchronization="KeepAllChildrenSynchronized" ParentId="{D584D7E8-B9EC-4FEB-803D-74D4C2E33E17}" ItemPath="/sitecore/templates/Modules/SitecoreFundamentals/PublishHistory" SitecoreDatabase="master" />
  <ItemFile Id="f4ee4d1f-f997-4c40-a9c6-fadb28628096" ItemDeployment="DeployOnce" ChildItemSynchronization="KeepAllChildrenSynchronized" ParentId="{CC3B5FF5-0263-434A-9648-E2F7CF9B0AE1}" ItemPath="/sitecore/templates/Modules/SitecoreFundamentals/PublishHistory/_LastPublished" SitecoreDatabase="master" />
  <ItemFile Id="d0aa581d-3f78-44f8-9a3b-ee71a121160e" ItemDeployment="DeployOnce" ChildItemSynchronization="KeepAllChildrenSynchronized" ParentId="{F4EE4D1F-F997-4C40-A9C6-FADB28628096}" ItemPath="/sitecore/templates/Modules/SitecoreFundamentals/PublishHistory/_LastPublished/Statistics" SitecoreDatabase="master" />
  <ItemFile Id="2dbcb71a-95ce-49e3-8938-48228907b938" ItemDeployment="DeployOnce" ChildItemSynchronization="KeepAllChildrenSynchronized" ParentId="{D0AA581D-3F78-44F8-9A3B-EE71A121160E}" ItemPath="/sitecore/templates/Modules/SitecoreFundamentals/PublishHistory/_LastPublished/Statistics/LastPublished" SitecoreDatabase="master" />
  <ItemFile Id="513ee4a7-bb8c-49bd-a5a9-3db6f9d5666e" ItemDeployment="DeployOnce" ChildItemSynchronization="KeepAllChildrenSynchronized" ParentId="{D0AA581D-3F78-44F8-9A3B-EE71A121160E}" ItemPath="/sitecore/templates/Modules/SitecoreFundamentals/PublishHistory/_LastPublished/Statistics/LastPublishedBy" SitecoreDatabase="master" />
</DeploymentInfo>